{
	"credit": "Made with Blockbench",
	"ambientocclusion": false,
	"textures": {
		"4": "block/lilypad_x64"
	},
	"elements": [
		{
			"name": "flower2",
			"from": [8, 0, 1],
			"to": [8, 10, 15],
			"rotation": {"angle": 45, "axis": "y", "origin": [8, 3, 8]},
			"faces": {
				"north": {"uv": [10, 0, 16, 6], "texture": "#4"},
				"east": {"uv": [10, 0, 16, 6], "texture": "#4"},
				"south": {"uv": [10, 0, 16, 6], "texture": "#4"},
				"west": {"uv": [10, 0, 16, 6], "texture": "#4"},
				"up": {"uv": [10, 0, 16, 6], "texture": "#4"},
				"down": {"uv": [10, 0, 16, 6], "texture": "#4"}
			}
		},
		{
			"from": [0, 0.25, 0],
			"to": [16, 0.25, 16],
			"faces": {
				"up": {"uv": [8, 8, 0, 16], "texture": "#4", "tintindex": 0},
				"down": {"uv": [8, 16, 0, 8], "texture": "#4", "tintindex": 0}
			}
		},
		{
			"name": "flower",
			"from": [1, 0, 8],
			"to": [15, 10, 8],
			"rotation": {"angle": 45, "axis": "y", "origin": [8, 3, 8]},
			"faces": {
				"north": {"uv": [10, 0, 16, 6], "texture": "#4"},
				"east": {"uv": [10, 0, 16, 6], "texture": "#4"},
				"south": {"uv": [10, 0, 16, 6], "texture": "#4"},
				"west": {"uv": [10, 0, 16, 6], "texture": "#4"},
				"up": {"uv": [10, 0, 16, 6], "texture": "#4"},
				"down": {"uv": [10, 0, 16, 6], "texture": "#4"}
			}
		}
	],
	"display": {
		"thirdperson_righthand": {
			"translation": [0, 6.5, 0]
		},
		"thirdperson_lefthand": {
			"translation": [0, 5.75, 0]
		},
		"firstperson_righthand": {
			"translation": [0, 6.75, 0]
		},
		"firstperson_lefthand": {
			"translation": [0, 6.75, 0]
		},
		"ground": {
			"translation": [0, 3, 0]
		},
		"gui": {
			"rotation": [35, -1, 0],
			"translation": [0, 4.25, 0]
		},
		"head": {
			"translation": [0, 14.25, 0]
		},
		"fixed": {
			"translation": [0, 0, -1.75]
		}
	},
	"groups": [
		{
			"name": "group",
			"origin": [8, 8, 8],
			"color": 0,
			"children": [0, 1, 2]
		}
	]
}