{
	"credit": "Made with Blockbench",
	"texture_size": [32, 32],
	"textures": {
		"0": "block/sand",
		"1": "block/stone",
		"particle": "block/sand"
	},
	"elements": [
		{
			"from": [0, 0, 0],
			"to": [16, 16, 16],
			"faces": {
				"north": {"uv": [0, 0, 16, 16], "texture": "#0"},
				"east": {"uv": [0, 0, 16, 16], "texture": "#0"},
				"south": {"uv": [0, 0, 16, 16], "texture": "#0"},
				"west": {"uv": [0, 0, 16, 16], "texture": "#0"},
				"up": {"uv": [0, 0, 16, 16], "texture": "#0"},
				"down": {"uv": [0, 0, 16, 16], "texture": "#0"}
			}
		},
		{
			"from": [4, 16, 3],
			"to": [13, 18, 12],
			"rotation": {"angle": 0, "axis": "y", "origin": [13, 24, 16]},
			"faces": {
				"north": {"uv": [0, 0, 4.5, 1], "texture": "#1"},
				"east": {"uv": [0, 0, 4.5, 1], "texture": "#1"},
				"south": {"uv": [0, 0, 4.5, 1], "texture": "#1"},
				"west": {"uv": [0, 0, 4.5, 1], "texture": "#1"},
				"up": {"uv": [0, 0, 4.5, 1], "texture": "#1"},
				"down": {"uv": [0, 0, 4.5, 1], "texture": "#1"}
			}
		},
		{
			"from": [5, 18, 4],
			"to": [12, 19, 11],
			"rotation": {"angle": 0, "axis": "y", "origin": [18, 26, 12]},
			"faces": {
				"north": {"uv": [0, 0, 3.5, 0.5], "texture": "#1"},
				"east": {"uv": [0, 0, 3.5, 0.5], "texture": "#1"},
				"south": {"uv": [0, 0, 3.5, 0.5], "texture": "#1"},
				"west": {"uv": [0, 0, 3.5, 0.5], "texture": "#1"},
				"up": {"uv": [2, 5.5, 8, 11.5], "texture": "#1"},
				"down": {"uv": [0, 0, 3.5, 0.5], "texture": "#1"}
			}
		}
	],
	"display": {
		"thirdperson_righthand": {
			"scale": [0.4, 0.4, 0.4]
		},
		"thirdperson_lefthand": {
			"scale": [0.4, 0.4, 0.4]
		},
		"ground": {
			"scale": [0.4, 0.4, 0.4]
		},
		"gui": {
			"rotation": [23, 43, 0],
			"scale": [0.4, 0.4, 0.4]
		},
		"fixed": {
			"scale": [0.48828, 0.44531, 0.41797]
		}
	}
}